{"cameraMode":{"drawMode":0,"name":"Shaded","section":"Shading Mode"},"sceneLighting":true,"audioPlay":false,"sceneViewState":{"m_AlwaysRefresh":false,"showFog":true,"showSkybox":true,"showFlares":true,"showImageEffects":true,"showParticleSystems":true,"showVisualEffectGraphs":true,"m_FxEnabled":true},"in2DMode":false,"pivot":{"x":-0.11974751949310303,"y":1.6047306060791016,"z":2.560507297515869},"rotation":{"x":-0.11136528104543686,"y":-0.6980908513069153,"z":0.11129503697156906,"w":-0.6985200047492981},"size":2.301100015640259,"orthographic":false}