{"cameraMode":{"drawMode":0,"name":"Shaded","section":"Shading Mode"},"sceneLighting":true,"audioPlay":false,"sceneViewState":{"m_AlwaysRefresh":false,"showFog":true,"showSkybox":true,"showFlares":true,"showImageEffects":true,"showParticleSystems":true,"showVisualEffectGraphs":true,"m_FxEnabled":true},"in2DMode":false,"pivot":{"x":-0.1221618801355362,"y":0.34129440784454348,"z":-0.18979310989379884},"rotation":{"x":-0.0041060843504965309,"y":0.9853276014328003,"z":-0.16894520819187165,"w":-0.023947302252054216},"size":1.9958044290542603,"orthographic":false}