{"cameraMode":{"drawMode":0,"name":"Shaded","section":"Shading Mode"},"sceneLighting":true,"audioPlay":false,"sceneViewState":{"m_AlwaysRefresh":false,"showFog":true,"showSkybox":true,"showFlares":true,"showImageEffects":true,"showParticleSystems":true,"showVisualEffectGraphs":true,"m_FxEnabled":true},"in2DMode":false,"pivot":{"x":27.078216552734376,"y":0.9537671804428101,"z":-5.2776408195495609},"rotation":{"x":-0.04759065806865692,"y":-0.8988977074623108,"z":0.10069429129362107,"w":-0.4239025413990021},"size":1.432510495185852,"orthographic":false}