{"cameraMode":{"drawMode":0,"name":"Shaded","section":"Shading Mode"},"sceneLighting":true,"audioPlay":false,"sceneViewState":{"m_AlwaysRefresh":false,"showFog":true,"showSkybox":true,"showFlares":true,"showImageEffects":true,"showParticleSystems":true,"showVisualEffectGraphs":true,"m_FxEnabled":true},"in2DMode":false,"pivot":{"x":2.4856998920440676,"y":5.158537864685059,"z":-18.731977462768556},"rotation":{"x":-0.0034566319081932308,"y":0.9902234077453613,"z":0.024949075654149057,"w":0.137223020195961},"size":13.042301177978516,"orthographic":false}